id,conversation_id,created_at,date,time,timezone,user_id,username,name,place,tweet,language,mentions,urls,photos,replies_count,retweets_count,likes_count,hashtags,cashtags,link,retweet,quote_url,video,thumbnail,near,geo,source,user_rt_id,user_rt,retweet_id,reply_to,retweet_date,translate,trans_src,trans_dest,filtered_tweet,sentiment,pred_sentiment,pred_value,confidence,confidencefull
1.5899e+18,1.5899e+18,2022-11-08 16:35:47 +08,11/8/2022,16:35:47,800,1.14666e+18,pressoneph,PressONE.PH,,"Mogato: ""The military has been successful in decimating the rebel ranks but as long as the conditions for taking up arms remain, there will be no end to insurgency in the country."" #PressOnePH  Read Manny Mogato's column here:  https://t.co/QnedhOx8Cl",en,[],['https://pressone.ph/defeating-the-communist-insurgency/'],[],0,1,0,['pressoneph'],[],https://twitter.com/PressOnePH/status/1589899470682345472,False,,0,,Manila,,,,,,[],,,,,mogato the military has been successful in decimating the rebel ranks but as long as the conditions for taking up arms remain there will be no end to insurgency in the country read manny mogato column here,neutral,neutral,0,0.7436804518827892,"[0.13196656243260527, 0.7436804518827892, 0.1243529856846057]"
1.5899e+18,1.5899e+18,2022-11-08 16:33:56 +08,11/8/2022,16:33:56,800,1.45621e+18,urgfbelinda,ùôÉùôñùô®ùôöùôá ia ‡ºâ‚Äß‚ÇäÀö‚úß,,Gwapooo ni Manny!!!,tl,[],[],[],0,0,0,[],[],https://twitter.com/urgfbelinda/status/1589899007744446464,False,https://twitter.com/donutooantonio/status/1589898812193402880,0,,Manila,,,,,,[],,,,,gwapooo ni manny,positive,positive,1,0.4413623877785539,"[0.12607740238733053, 0.43256020983411547, 0.4413623877785539]"
1.58973e+18,1.58973e+18,2022-11-08 05:37:38 +08,11/8/2022,5:37:38,800,6490692.0,reyl,Rey Sistance,,"Ang cute talaga ni Sandara. And si Manny na rin, pag di sya politico.  Sandara Park, a Filipino superstar  https://t.co/6LuQjZOBmn via @YouTube",tl,"[{'screen_name': 'youtube', 'name': 'youtube', 'id': '10228272'}]",['https://youtu.be/vQJdnSVNhoI'],[],0,0,0,[],[],https://twitter.com/reyl/status/1589733840582737920,False,,0,,Manila,,,,,,[],,,,,ang cute talaga ni sandara and si manny na rin pag di sya politico sandara park filipino superstar via,positive,positive,1,0.5125329515496321,"[0.24090638117276597, 0.24656066727760195, 0.5125329515496321]"
1.58973e+18,1.58973e+18,2022-11-08 05:32:35 +08,11/8/2022,5:32:35,800,427117539.0,plumpy_arts,Plumpy Arts | The ACCLAIMED are CHAMPS BAYBAY!,,@JeremyCom Manny Villiar ü§£,en,[],[],[],0,0,0,[],[],https://twitter.com/Plumpy_Arts/status/1589732571566731264,False,,0,,Manila,,,,,,"[{'screen_name': 'JeremyCom', 'name': 'Jeremy Padawer', 'id': '80443432'}]",,,,,manny villiar ,neutral,neutral,0,0.7078694861697333,"[0.0708341823675029, 0.7078694861697333, 0.22129633146276378]"
1.58967e+18,1.58967e+18,2022-11-08 01:09:42 +08,11/8/2022,1:09:42,800,9.90541e+17,tinkpangilinan1,tinkerbelle:) AN INCONVENIENT LOVE 11-23-22üß°üíúüíö,,Our Ayef and Manny! Sintra üíúüíöüß° #DonBelle #AnInconvenientLove  https://t.co/RA0du4Iiy2,en,[],[],"['https://pbs.twimg.com/media/Fg-hK4laUAAXhcW.jpg', 'https://pbs.twimg.com/media/Fg-hLhZakAAQAZ5.jpg']",0,0,1,"['donbelle', 'aninconvenientlove']",[],https://twitter.com/tinkpangilinan1/status/1589666415627628545,False,,1,https://pbs.twimg.com/media/Fg-hK4laUAAXhcW.jpg,Manila,,,,,,[],,,,,our ayef and manny sintra ,neutral,neutral,0,0.6905070066289795,"[0.11403480511885815, 0.6905070066289795, 0.19545818825216235]"
1.58965e+18,1.58962e+18,2022-11-08 00:08:33 +08,11/8/2022,0:08:33,800,17315481.0,bolit,b√∏lit üå∏,,@wreviewpodcast Manny Jacintoü•∞,en,[],[],[],0,0,1,[],[],https://twitter.com/bolit/status/1589651026365538304,False,,0,,Manila,,,,,,"[{'screen_name': 'wreviewpodcast', 'name': 'WREVIEW.', 'id': '1264491288595841025'}]",,,,,manny jacinto ,neutral,neutral,0,0.7078694861697333,"[0.0708341823675029, 0.7078694861697333, 0.22129633146276378]"
1.58958e+18,1.58958e+18,2022-11-07 19:19:12 +08,11/7/2022,19:19:12,800,7.13322e+17,romeocaldillero,Romeo Caldillero,,Hello Manny! Miss you inside the ring!,en,[],[],[],0,0,1,[],[],https://twitter.com/romeocaldillero/status/1589578208210718721,False,https://twitter.com/dyancastillejo/status/1589168969407422466,0,,Manila,,,,,,[],,,,,hello manny miss you inside the ring,positive,neutral,0,0.5750549652637638,"[0.14645590971536493, 0.5750549652637638, 0.2784891250208713]"
1.58943e+18,1.58943e+18,2022-11-07 09:50:01 +08,11/7/2022,9:50:01,800,412713702.0,pldt,PLDT Inc.,,"PLDT chair Manny Pangilinan anticipated bigger challenges in the coming year even as the company posted a record-high P142-B revenue. He cited interest rate hikes, inflation, and geopolitical volatility as some of the pressures the company must overcome.  https://t.co/T4hwcgCiXb",en,[],['https://twitter.com/rapplerdotcom/status/1588190778932830208'],[],3,0,1,[],[],https://twitter.com/pldt/status/1589434970657165312,False,https://twitter.com/rapplerdotcom/status/1588190778932830208,0,,Manila,,,,,,[],,,,,pldt chair manny pangilinan anticipated bigger challenges in the coming year even as the company posted record high p142 revenue he cited interest rate hikes inflation and geopolitical volatility as some of the pressures the company must overcome,neutral,neutral,0,0.6612979804518127,"[0.15492686362746622, 0.6612979804518127, 0.1837751559207211]"
1.58856e+18,1.58833e+18,2022-11-04 23:37:10 +08,11/4/2022,23:37:10,800,795623292.0,praxis70,Sir Z,,"@pinoyanghang @anita_detablan In all fairness to Manny Pacquiao's followers, they never insisted, did not proclaim, and in no circumstances imagined that their idol had become cerebral after his speech at Oxford. Ang Lenibelles lang talaga. The evolution of the yellow-pink crowd is historically annoying.",en,[],[],[],1,0,15,[],[],https://twitter.com/praxis70/status/1588555963535360002,False,,0,,Manila,,,,,,"[{'screen_name': 'pinoyanghang', 'name': 'Pinoytapsilog', 'id': '213219890'}, {'screen_name': 'anita_detablan', 'name': 'Anita Detablan', 'id': '969842668493615105'}]",,,,,detablan in all fairness to manny pacquiao followers they never insisted did not proclaim and in no circumstances imagined that their idol had become cerebral after his speech at oxford ang lenibelles lang talaga the evolution of the yellow pink crowd is historically annoying,neutral,neutral,0,0.4537342545962041,"[0.3496167306625328, 0.4537342545962041, 0.19664901474126306]"
1.58837e+18,1.58837e+18,2022-11-04 11:03:18 +08,11/4/2022,11:03:18,800,1.14666e+18,pressoneph,PressONE.PH,,Read Manny Mogato's column here:  https://t.co/XJc5qhXAVA,en,[],['https://pressone.ph/rotten-justice-system/'],[],0,0,1,[],[],https://twitter.com/PressOnePH/status/1588366249142034432,False,,0,,Manila,,,,,,[],,,,,read manny mogato column here,neutral,neutral,0,0.8115601422122842,"[0.07617419235750705, 0.8115601422122842, 0.1122656654302088]"
1.58836e+18,1.58836e+18,2022-11-04 10:43:31 +08,11/4/2022,10:43:31,800,36610676.0,jom_samson,jom,,"Manny, Manny, Manny üò≠üò≠üò≠",en,[],[],[],1,0,3,[],[],https://twitter.com/jom_samson/status/1588361269991854081,False,,0,,Manila,,,,,,[],,,,,manny manny manny ,neutral,neutral,0,0.7078694861697333,"[0.0708341823675029, 0.7078694861697333, 0.22129633146276378]"
1.58825e+18,1.58825e+18,2022-11-04 03:07:09 +08,11/4/2022,3:07:09,800,9.90541e+17,tinkpangilinan1,tinkerbelle:) AN INCONVENIENT LOVE 11-23-22üß°üíúüíö,,Manny and Ayef in Vegas  #DonBelle  https://t.co/iZ9ravexif,en,[],[],['https://pbs.twimg.com/media/FgqVsoiacAAMNaz.jpg'],0,4,9,['donbelle'],[],https://twitter.com/tinkpangilinan1/status/1588246419458379776,False,,1,https://pbs.twimg.com/media/FgqVsoiacAAMNaz.jpg,Manila,,,,,,[],,,,,manny and ayef in vegas,neutral,neutral,0,0.6905070066289795,"[0.11403480511885815, 0.6905070066289795, 0.19545818825216235]"
1.58812e+18,1.58811e+18,2022-11-03 18:27:41 +08,11/3/2022,18:27:41,800,1.31121e+18,the63percent,AM02:00,,@Yassonim @AmedusX @shonenleaks So that‚Äôs what Manny‚Äôs been getting up too huh,en,[],[],[],1,0,2,[],[],https://twitter.com/the63percent/status/1588115692309843968,False,,0,,Manila,,,,,,"[{'screen_name': 'Yassonim', 'name': 'Yasso üëæ', 'id': '1523696958518480896'}, {'screen_name': 'AmedusX', 'name': '·µñ·µí·∂ú·µè ∏ìÅπ', 'id': '1418528949534142468'}, {'screen_name': 'shonenleaks', 'name': 'Shonenleaks', 'id': '1453053398148808709'}]",,,,,so that what manny been getting up too huh,neutral,neutral,0,0.5708409282425617,"[0.1611694648696268, 0.5708409282425617, 0.26798960688781154]"
1.58809e+18,1.58797e+18,2022-11-03 16:41:56 +08,11/3/2022,16:41:56,800,85473692.0,cloudybazookas,"Cloudy, Bazooka Devil",,"@apojoe There are also Ping Lacson voters na nagduda rin‚Äîlike, they wonder why Manny Pacquiao has more votes compared to those of Lacson's... :O",en,[],[],[],0,0,0,[],[],https://twitter.com/cloudybazookas/status/1588089081447124992,False,,0,,Manila,,,,,,"[{'screen_name': 'apojoe', 'name': ""Lies don't make a nation great"", 'id': '151325073'}]",,,,,there are also ping lacson voters na nagduda rin like they wonder why manny pacquiao has more votes compared to those of lacson o,neutral,neutral,0,0.6431047415410304,"[0.2176293965597401, 0.6431047415410304, 0.1392658618992296]"
1.58776e+18,1.58774e+18,2022-11-02 19:05:23 +08,11/2/2022,19:05:23,800,157125539.0,chitovf,xanax,,@_miggypot29 They forgot to mention she is in a tie with Manny Pacquio and a notch ahead of Lito Lapid. Very nice company.,en,[],[],[],1,0,7,[],[],https://twitter.com/chitovf/status/1587762793440505856,False,,0,,Manila,,,,,,"[{'screen_name': '_miggypot29', 'name': '\uea00ü§ì', 'id': '1439941440872882177'}]",,,,,miggypot29 they forgot to mention she is in tie with manny pacquio and notch ahead of lito lapid very nice company,positive,positive,1,0.5227482475792977,"[0.17114427523197406, 0.3061074771887281, 0.5227482475792977]"
1.58768e+18,1.58768e+18,2022-11-02 13:42:52 +08,11/2/2022,13:42:52,800,29968692.0,rcandcess,RC and Cess,,Adamson is to UP as Juan Manuel Marquez is to Manny Pacquiao.  Magka-contrapello talaga  #UPFight,tl,[],[],[],0,1,2,['upfight'],[],https://twitter.com/RCandCess/status/1587681628402307072,False,,0,,Manila,,,,,,[],,,,,adamson is to up as juan manuel marquez is to manny pacquiao magka contrapello talaga,neutral,neutral,0,0.5794702965487719,"[0.1901396009702698, 0.5794702965487719, 0.2303901024809584]"
1.58732e+18,1.58732e+18,2022-11-01 13:29:58 +08,11/1/2022,13:29:58,800,559841279.0,heyaacarlaa,carla,,Ngayon si Manny Villar naman hahahah,tl,[],[],[],0,0,0,[],[],https://twitter.com/heyaacarlaa/status/1587315994594144257,False,,0,,Manila,,,,,,[],,,,,ngayon si manny villar naman hahahah,neutral,negative,-1,0.3818047518689964,"[0.3818047518689964, 0.31254427776942, 0.30565097036158356]"
1.58721e+18,1.58714e+18,2022-11-01 06:20:14 +08,11/1/2022,6:20:14,800,267512904.0,abadmichaelb,Michael Abad üáµüá≠,,@BleacherReport The real GOAT. Prime Manny Pacquiao. üëäüèΩ  https://t.co/Dq6xo2poC0,en,[],[],['https://pbs.twimg.com/media/FgblH_OakAASh2d.jpg'],0,0,0,[],[],https://twitter.com/abadmichaelb/status/1587207846361694208,False,,1,https://pbs.twimg.com/media/FgblH_OakAASh2d.jpg,Manila,,,,,,"[{'screen_name': 'BleacherReport', 'name': 'Bleacher Report', 'id': '890891'}]",,,,,the real goat prime manny pacquiao ,positive,neutral,0,0.4962685008759341,"[0.17593982071485154, 0.4962685008759341, 0.3277916784092144]"
1.58688e+18,1.58688e+18,2022-10-31 08:43:14 +08,10/31/2022,8:43:14,800,1.42062e+18,balitaphl,Balita,,"Lambingan sa sofa nina Manny at Jinkee, kinakiligan; mga netizen, may hirit  @manilabulletin    https://t.co/ZZp8ErLvz9",tl,"[{'screen_name': 'manilabulletin', 'name': 'manila bulletin news', 'id': '15375209'}]",['https://balita.net.ph/2022/10/31/lambingan-sa-sofa-nina-manny-at-jinkee-kinakiligan-mga-netizen-may-hirit/'],[],0,1,2,[],[],https://twitter.com/balitaphl/status/1586881447495077889,False,,0,,Manila,,,,,,[],,,,,lambingan sa sofa nina manny at jinkee kinakiligan mga netizen may hirit,neutral,neutral,0,0.6064697665562968,"[0.14013732937255977, 0.6064697665562968, 0.25339290407114345]"
1.58942e+18,1.58942e+18,2022-11-07 08:44:15 +08,11/7/2022,8:44:15,800,1.30935e+18,cnc_tribunephl,Concept News Central,,Manny Pacquiao let the cat out of the bag Sunday on the prospect of a ring return in 2023.  Full story:  https://t.co/09S7QvZl1d  Follow us on our social media Facebook: @tribunephl Youtube: TribuneNow Twitter: @tribunephl Instagram: @tribunephl TikTok: @dailytribuneofficial,en,"[{'screen_name': 'tribunephl', 'name': 'daily tribune', 'id': '1005738156665106433'}, {'screen_name': 'tribunephl', 'name': 'daily tribune', 'id': '1005738156665106433'}, {'screen_name': 'tribunephl', 'name': 'daily tribune', 'id': '1005738156665106433'}]",['https://tribune.net.ph/2022/11/07/pacquiao-floats-ring-return/'],[],0,0,0,[],[],https://twitter.com/cnc_tribunephl/status/1589418419837075458,False,,0,,Manila,,,,,,[],,,,,manny pacquiao let the cat out of the bag sunday on the prospect of ring return in 2023 full story follow us on our social media facebook youtube tribunenow twitter instagram tiktok,neutral,neutral,0,0.8460885798509044,"[0.06507585640698517, 0.8460885798509044, 0.08883556374211037]"
1.58809e+18,1.58809e+18,2022-11-03 17:04:32 +08,11/3/2022,17:04:32,800,114454758.0,abscbnnewsbiz,ABS-CBN News Business,,"PLDT says consolidated service revenues grew 4.5% to a nine-month all-time high of P141.9 billion.  But its Chairman Manny Pangilinan says ‚Äútougher year next year‚Äù due to inflation, high interest rates, higher prices of food and fuel. | via @jekkipascual  https://t.co/sEPCx5uMxh",en,"[{'screen_name': 'jekkipascual', 'name': 'jekki pascual', 'id': '46385257'}]",[],['https://pbs.twimg.com/media/FgoK47bVUAA7EJe.jpg'],0,2,9,[],[],https://twitter.com/ABSCBNNewsBiz/status/1588094765673115649,False,,1,https://pbs.twimg.com/media/FgoK47bVUAA7EJe.jpg,Manila,,,,,,[],,,,,pldt says consolidated service revenues grew 4 5 to nine month all time high of p141 9 billion but its chairman manny pangilinan says tougher year next year due to inflation high interest rates higher prices of food and fuel via,neutral,neutral,0,0.8937673954792885,"[0.037511497181545936, 0.8937673954792885, 0.06872110733916555]"
1.58732e+18,1.58732e+18,2022-11-01 13:59:32 +08,11/1/2022,13:59:32,800,15375209.0,manilabulletin,Manila Bulletin News,,"LOOK: People flocked to the main entrance of the Manila North Cemetery to visit their departed loved ones for All Saints‚Äô Day on Tuesday, November 1, 2022.  (üì∑Manny Llanes)  https://t.co/XWl4DWQnFN",en,[],[],"['https://pbs.twimg.com/media/FgdOPlnUoAAEzm7.jpg', 'https://pbs.twimg.com/media/FgdOPlpVsAAG5wS.jpg', 'https://pbs.twimg.com/media/FgdOPlmUcAAFIpf.jpg', 'https://pbs.twimg.com/media/FgdOPlnUUAArANL.jpg']",1,0,2,[],[],https://twitter.com/manilabulletin/status/1587323434903576576,False,,1,https://pbs.twimg.com/media/FgdOPlnUoAAEzm7.jpg,Manila,,,,,,[],,,,,look people flocked to the main entrance of the manila north cemetery to visit their departed loved ones for all saints day on tuesday november 1 2022 manny llanes,neutral,neutral,0,0.8839852151934209,"[0.0317538030740809, 0.8839852151934209, 0.08426098173249809]"
1.58712e+18,1.58712e+18,2022-11-01 00:15:51 +08,11/1/2022,0:15:51,800,3461010012.0,ardendoggie,Corporal Glen üßãüáπüáºüá≠üá∞üáµüá∏üá≤üá≤üáÆüá∑üá∫üá¶üá¶üá≤,,"just please stop whatever arguments and disputes you have and let Leni, Leody, Manny, Faisal, Jose, etc. unite and form a united opposition !",en,[],[],[],1,0,1,[],[],https://twitter.com/ArdenDoggie/status/1587116149233156096,False,https://twitter.com/ariesarugay/status/1586883560085934080,0,,Manila,,,,,,[],,,,,just please stop whatever arguments and disputes you have and let leni leody manny faisal jose etc unite and form united opposition,negative,neutral,0,0.5425862923384287,"[0.28932995083278046, 0.5425862923384287, 0.16808375682879084]"
1.58702e+18,1.58702e+18,2022-10-31 17:41:26 +08,10/31/2022,17:41:26,800,15375209.0,manilabulletin,Manila Bulletin News,,"LOOK: Visitors flock at the main entrance of Manila North Cemetery on Monday, October 31, 2022. Children 17 years old and younger are required to bring a vaccination card, and the bringing of pets is not allowed in the cemetery. (üì∑: Manny Llanes/MB)  https://t.co/MFgzMgXG1z",en,[],[],"['https://pbs.twimg.com/media/FgY3cTqVEAE5rC1.jpg', 'https://pbs.twimg.com/media/FgY3cTpVUAA-DhA.jpg', 'https://pbs.twimg.com/media/FgY3cToUAAIemCY.jpg']",1,0,0,[],[],https://twitter.com/manilabulletin/status/1587016889410080768,False,,1,https://pbs.twimg.com/media/FgY3cTqVEAE5rC1.jpg,Manila,,,,,,[],,,,,look visitors flock at the main entrance of manila north cemetery on monday october 31 2022 children 17 years old and younger are required to bring vaccination card and the bringing of pets is not allowed in the cemetery manny llanes mb,neutral,neutral,0,0.7791346863832372,"[0.08012886908498505, 0.7791346863832372, 0.14073644453177767]"
1.58991e+18,1.5899e+18,2022-11-08 16:58:17 +08,11/8/2022,16:58:17,800,1.48162e+18,selldssss,joannn,,@donnypangilinan can't wait to meet you manny!,en,[],[],[],0,0,0,[],[],https://twitter.com/selldssss/status/1589905134943088640,False,,0,,Manila,,,,,,"[{'screen_name': 'donnypangilinan', 'name': 'Donny', 'id': '43510227'}]",,,,,can wait to meet you manny,positive,positive,1,0.46792343610748266,"[0.07643317749646147, 0.45564338639605584, 0.46792343610748266]"
1.5899e+18,1.5899e+18,2022-11-08 16:47:02 +08,11/8/2022,16:47:02,800,1.54713e+18,belledonslovers,Assel07‚ù§üñ§,,"@donnypangilinan See you,Mannyüñ§‚ù§",en,[],[],[],0,0,0,[],[],https://twitter.com/BelleDonslovers/status/1589902302475096064,False,,0,,Manila,,,,,,"[{'screen_name': 'donnypangilinan', 'name': 'Donny', 'id': '43510227'}]",,,,,see you manny ,positive,positive,1,0.608961296093989,"[0.0697261876072926, 0.32131251629871843, 0.608961296093989]"
1.5899e+18,1.5899e+18,2022-11-08 16:43:59 +08,11/8/2022,16:43:59,800,1.13294e+18,jhosiesoriano,MommyJhoe_MDBOFCüïä,,@donnypangilinan Yes see you Manny snd Ayef..,en,[],[],[],0,0,0,[],[],https://twitter.com/JhosieSoriano/status/1589901534510604288,False,,0,,Manila,,,,,,"[{'screen_name': 'donnypangilinan', 'name': 'Donny', 'id': '43510227'}]",,,,,yes see you manny snd ayef,positive,positive,1,0.5579235138648341,"[0.09306364514456746, 0.3490128409905984, 0.5579235138648341]"
1.58977e+18,1.58976e+18,2022-11-08 08:15:39 +08,11/8/2022,8:15:39,800,4181748853.0,_2hy4this,3:33ü¶Ç,,@manny_94__ Foo this drift weather you don‚Äôt even know how much fun I had on my way home üòÇ  https://t.co/lNv1basTCJ,en,[],[],['https://pbs.twimg.com/tweet_video_thumb/FhACquUVUAANCz8.jpg'],0,0,0,[],[],https://twitter.com/_2hy4this/status/1589773608473493504,False,,1,https://pbs.twimg.com/tweet_video_thumb/FhACquUVUAANCz8.jpg,Manila,,,,,,"[{'screen_name': 'manny_94__', 'name': 'manny', 'id': '1403979776092606468'}]",,,,,94 foo this drift weather you don even know how much fun had on my way home ,positive,positive,1,0.607888270762973,"[0.23930473042321418, 0.15280699881381274, 0.607888270762973]"
1.58942e+18,1.58942e+18,2022-11-07 08:46:27 +08,11/7/2022,8:46:27,800,1.00574e+18,tribunephl,Daily Tribune,,The boxing program that launched the Hall of Fame career of Manny Pacquiao returns on television early next year.  Full story:  https://t.co/n841raFVs7,en,[],['https://tribune.net.ph/2022/11/07/pacman-launches-blow-by-blow/'],[],0,0,0,[],[],https://twitter.com/tribunephl/status/1589418973359394816,False,,0,,Manila,,,,,,[],,,,,the boxing program that launched the hall of fame career of manny pacquiao returns on television early next year full story,neutral,neutral,0,0.7673499298646831,"[0.07169676152454371, 0.7673499298646831, 0.16095330861077317]"
1.58928e+18,1.58928e+18,2022-11-06 23:28:07 +08,11/6/2022,23:28:07,800,68698703.0,jmramos1701d,John Ramos-Henderson,,"It's now Hyun Jin Ryu, Coach Mark Prior &amp; Manny Ramirez days to pitchers and catchers, Dodgers fans! #LetsGoDodgers @deesey77  @michelle2570 @cully7 @CynfulCyndi @nerdyDodger @DodgersInTheUK @KarenStepp    #ITFDB #Dodgers #ALWAYSLA 9‚É£9‚É£  https://t.co/ZyBlO81lXL",en,"[{'screen_name': 'deesey77', 'name': 'de ann marie', 'id': '823221417068085248'}, {'screen_name': 'michelle2570', 'name': 'michelle (mimi) schermesser üá∫üá¶üá®üáµüá¨üáßüá∫üá≤üá®üá¶', 'id': '137748925'}, {'screen_name': 'cully7', 'name': 'vixen ü¶ä‚ù§Ô∏è (fan account)', 'id': '35802947'}, {'screen_name': 'cynfulcyndi', 'name': 'cynfulcyndi', 'id': '17877306'}, {'screen_name': 'nerdydodger', 'name': 'nerdy lover team pretty b*tches‚Ñ¢ akanlwest22champs', 'id': '721187715451002884'}, {'screen_name': 'dodgersintheuk', 'name': 'dodgers uk', 'id': '1318631790421168130'}, {'screen_name': 'karenstepp', 'name': 'karen wilson stepp', 'id': '307603878'}]",[],"['https://pbs.twimg.com/media/Fg5AA2SVIAA0OlB.jpg', 'https://pbs.twimg.com/media/Fg5AA2nVQAE-Frt.jpg', 'https://pbs.twimg.com/media/Fg5AA3QVsAAX_rI.jpg', 'https://pbs.twimg.com/media/Fg5ABpfVQAAHPv8.jpg']",0,0,1,"['letsgododgers', 'itfdb', 'dodgers', 'alwaysla']",[],https://twitter.com/JMRamos1701D/status/1589278461784641539,False,,1,https://pbs.twimg.com/media/Fg5AA2SVIAA0OlB.jpg,Manila,,,,,,[],,,,,it now hyun jin ryu coach mark prior amp manny ramirez days to pitchers and catchers dodgers fans 9 9 ,neutral,neutral,0,0.6049249227817072,"[0.100737057995698, 0.6049249227817072, 0.29433801922259484]"
1.58916e+18,1.58916e+18,2022-11-06 15:30:38 +08,11/6/2022,15:30:38,800,127171674.0,iamkhaaat14,Kaeseullin Konde üíúüíú,,Nakakaloka reaction ni Manny heheüòÑ Running Man ep. 626 heheüòÑüòÑ grbe jin tinapos ko tlga to balak k next month tapusin ang mga episode hahaüòÑüòÑ next n üíúüíú,tl,[],[],[],0,0,2,[],[],https://twitter.com/iamkhaaat14/status/1589158301912432640,False,,0,,Manila,,,,,,[],,,,,nakakaloka reaction ni manny hehe running man ep 626 hehe grbe jin tinapos ko tlga to balak next month tapusin ang mga episode haha next ,positive,positive,1,0.7658825463108119,"[0.05552072191065838, 0.1785967317785297, 0.7658825463108119]"
1.58907e+18,1.58907e+18,2022-11-06 09:21:56 +08,11/6/2022,9:21:56,800,1.00574e+18,tribunephl,Daily Tribune,,GENERAL SANTOS CITY ‚Äî Don‚Äôt be shocked if Manny Pacquiao ends up having a change of heart about his retirement.  Full story:  https://t.co/Og6tmBn0SA  #DailyTribune,en,[],['https://tribune.net.ph/2022/11/06/pacquiao-teases-about-comeback/'],[],0,0,0,['dailytribune'],[],https://twitter.com/tribunephl/status/1589065515640979457,False,,0,,Manila,,,,,,[],,,,,general santos city don be shocked if manny pacquiao ends up having change of heart about his retirement full story,neutral,neutral,0,0.7830638569997967,"[0.06172786223255397, 0.7830638569997967, 0.15520828076764936]"
1.58897e+18,1.58897e+18,2022-11-06 02:46:13 +08,11/6/2022,2:46:13,800,1.30935e+18,cnc_tribunephl,Concept News Central,,Don‚Äôt be shocked if Manny Pacquiao ends up having a change of heart about his retirement.  Full story:  https://t.co/O4q2FIpXQg  #MannyPacquiao  #DailyTribune,en,[],['https://tribune.net.ph/2022/11/06/pacquiao-teases-about-comeback/'],[],0,0,0,"['mannypacquiao', 'dailytribune']",[],https://twitter.com/cnc_tribunephl/status/1588965926455873536,False,,0,,Manila,,,,,,[],,,,,don be shocked if manny pacquiao ends up having change of heart about his retirement full story,neutral,neutral,0,0.6727390246649474,"[0.06454562231908348, 0.6727390246649474, 0.26271535301596916]"
1.58871e+18,1.58871e+18,2022-11-05 09:51:20 +08,11/5/2022,9:51:20,800,1.14666e+18,pressoneph,PressONE.PH,,"Mogato: ""Asean must stand together and must have a united voice in ending the war in Ukraine. Its own security, stability and prosperity as a region will be at stake when the conflict spills into the region."" #PressOnePH  Read Manny Mogato's column here:   https://t.co/yuZDlEJFfu",en,[],['https://pressone.ph/mediating-the-russia-ukraine-conflict/'],[],0,0,0,['pressoneph'],[],https://twitter.com/PressOnePH/status/1588710525336440833,False,,0,,Manila,,,,,,[],,,,,mogato asean must stand together and must have united voice in ending the war in ukraine its own security stability and prosperity as region will be at stake when the conflict spills into the region read manny mogato column here,neutral,neutral,0,0.7460423274683432,"[0.10817624267776865, 0.7460423274683432, 0.14578142985388806]"
1.5885e+18,1.58849e+18,2022-11-04 19:35:04 +08,11/4/2022,19:35:04,800,222719107.0,gemini081794,GeminiNgSB19üíô,,@SB_Senyora19 @SB19Official Its really nice to imagine that whenever they think of the Philippines. Its not only Boracay or Manny Pacquiao. But we have good music too bcoz there's SB19 ü´∂  SB19 Represent.  #WYAT ‚ÄØ #WYATTourNY #WhereYouAtSB19 #mahalima #SB19 @SB19Official,en,"[{'screen_name': 'sb19official', 'name': 'sb19 official üáµüá≠', 'id': '1006064993282842624'}]",[],[],0,0,1,"['wyat', 'wyattourny', 'whereyouatsb19', 'mahalima', 'sb19']",[],https://twitter.com/gemini081794/status/1588495038526685184,False,,0,,Manila,,,,,,"[{'screen_name': 'SB_Senyora19', 'name': 'REYNA SENYORA üìº| ·¥õ·¥á·¥Ä·¥ç …™…¥…¢ Ä·¥Ä·¥õ·¥Ä', 'id': '1233290104480813056'}, {'screen_name': 'SB19Official', 'name': 'SB19 Official üáµüá≠', 'id': '1006064993282842624'}]",,,,,senyora19 its really nice to imagine that whenever they think of the philippines its not only boracay or manny pacquiao but we have good music too bcoz there sb19 sb19 represent,positive,positive,1,0.8011700807534649,"[0.06773160559583137, 0.13109831365070373, 0.8011700807534649]"
1.58837e+18,1.58837e+18,2022-11-04 11:03:18 +08,11/4/2022,11:03:18,800,1.14666e+18,pressoneph,PressONE.PH,,"Mogato: ""If a prisoner can order a hit outside the prisons‚Äô walls, authorities should really investigate how these things could be possible."" #PressOnePH  Read Manny Mogato's column here:  https://t.co/XJc5qhXAVA  https://t.co/pDVcAPopB4",en,[],['https://pressone.ph/rotten-justice-system/'],['https://pbs.twimg.com/media/FgsCnrzVIAAIbBW.jpg'],1,1,2,['pressoneph'],[],https://twitter.com/PressOnePH/status/1588366245648220161,False,,1,https://pbs.twimg.com/media/FgsCnrzVIAAIbBW.jpg,Manila,,,,,,[],,,,,mogato if prisoner can order hit outside the prisons walls authorities should really investigate how these things could be possible read manny mogato column here,neutral,neutral,0,0.644373422653124,"[0.1204601171085075, 0.644373422653124, 0.2351664602383684]"
1.58797e+18,1.58797e+18,2022-11-03 08:40:58 +08,11/3/2022,8:40:58,800,1.30935e+18,cnc_tribunephl,Concept News Central,,The search for the next Manny Pacquiao begins on 20 November at the same site where the eight-division champion carved a name for himself.  Full story:  https://t.co/KoKhonSiJF,en,[],['https://tribune.net.ph/2022/11/03/pacquiao-revives-blow-by-blow/'],[],0,0,0,[],[],https://twitter.com/cnc_tribunephl/status/1587968041148510210,False,,0,,Manila,,,,,,[],,,,,the search for the next manny pacquiao begins on 20 november at the same site where the eight division champion carved name for himself full story,neutral,neutral,0,0.590950963117762,"[0.06917565989174047, 0.590950963117762, 0.3398733769904975]"
1.58773e+18,1.58773e+18,2022-11-02 16:46:26 +08,11/2/2022,16:46:26,800,15448383.0,inquirerdotnet,Inquirer,,"‚ÄúAlmighty Zeus,‚Äù a movie on Asian hate crimes executive-produced by Manny Pacquiao, is set to have its theatrical release in the United States by December. | @DCruzINQ  https://t.co/z9k1cNugBz",en,"[{'screen_name': 'dcruzinq', 'name': 'dana cruz', 'id': '1364879065266544643'}]",['https://entertainment.inquirer.net/470723/manny-pacquiao-set-to-release-movie-on-asian-hate-crimes-almighty-zeus?utm_medium=Social&utm_source=Twitter#Echobox=1667378598-1'],[],0,1,4,[],[],https://twitter.com/inquirerdotnet/status/1587727825540448258,False,,0,,Manila,,,,,,[],,,,, almighty zeus movie on asian hate crimes executive produced by manny pacquiao is set to have its theatrical release in the united states by december,neutral,neutral,0,0.7486407798022142,"[0.09513435929794364, 0.7486407798022142, 0.15622486089984217]"
1.58725e+18,1.58725e+18,2022-11-01 09:00:01 +08,11/1/2022,9:00:01,800,593673705.0,abscbnpr,ABS-CBN PR,,Get a glimpse of Ayef (Belle Mariano) and Manny's (Donny Pangilinan) love story in the trailer of #AnInconvenientLove.    https://t.co/2SUb10HUgn,en,[],['https://news.abs-cbn.com/entertainment/10/28/22/trailer-donny-belle-schedule-breakup-in-an-inconvenient-love'],[],4,201,677,['aninconvenientlove'],[],https://twitter.com/ABSCBNpr/status/1587248059125157888,False,,0,,Manila,,,,,,[],,,,,get glimpse of ayef belle mariano and manny donny pangilinan love story in the trailer of,neutral,neutral,0,0.5295800783414094,"[0.07334107529306157, 0.5295800783414094, 0.3970788463655291]"
1.58705e+18,1.58705e+18,2022-10-31 20:08:23 +08,10/31/2022,20:08:23,800,1.3368e+18,jen_donbelle,DonBelleFrvr,,Cuuuute naman ni Ayef at Manny...   #DonBelle | #AnInconvenientLove  Belle Mariano | Donny Pangilinan  https://t.co/3jHAEfrQFK,tl,[],[],"['https://pbs.twimg.com/media/FgZZDrYUUAAF42f.jpg', 'https://pbs.twimg.com/media/FgZZEwpUoAApVy_.jpg']",0,1,4,"['donbelle', 'aninconvenientlove']",[],https://twitter.com/Jen_DonBelle/status/1587053872031244289,False,,1,https://pbs.twimg.com/media/FgZZDrYUUAAF42f.jpg,Manila,,,,,,[],,,,,cuuuute naman ni ayef at manny belle mariano donny pangilinan,positive,neutral,0,0.4199082960829069,"[0.22811695937263904, 0.4199082960829069, 0.35197474454445404]"
1.58701e+18,1.58701e+18,2022-10-31 17:18:24 +08,10/31/2022,17:18:24,800,15375209.0,manilabulletin,Manila Bulletin News,,"LOOK: A caretaker sweeps dry leaves as he cleans one of the tombs on Monday, Oct. 31, 2022, at the Manila North Cemetery due to typhoon ""Paeng."" (üì∑: Manny Llanes/MB)  https://t.co/LiWppaUAAV",en,[],[],"['https://pbs.twimg.com/media/FgYyKhgUcAEFA2y.jpg', 'https://pbs.twimg.com/media/FgYyLFEUYAAimiQ.jpg']",0,2,6,[],[],https://twitter.com/manilabulletin/status/1587011094609960961,False,,1,https://pbs.twimg.com/media/FgYyKhgUcAEFA2y.jpg,Manila,,,,,,[],,,,,look caretaker sweeps dry leaves as he cleans one of the tombs on monday oct 31 2022 at the manila north cemetery due to typhoon paeng manny llanes mb,neutral,neutral,0,0.7249626597320361,"[0.09641874189749663, 0.7249626597320361, 0.1786185983704673]"
1.58695e+18,1.58695e+18,2022-10-31 13:19:12 +08,10/31/2022,13:19:12,800,284360909.0,karlangel_rocks,carlo ‚ô´‚ô´‚ô´ ‚Äè,,"Malinis na bahay nila Lolo Paulino, Lola Carolina and Uncle Manny. üôèüèªüôèüèªüôèüèª  https://t.co/rqMO5BtJzY",tl,[],[],['https://pbs.twimg.com/media/FgX7a-eaUAABvP8.jpg'],0,0,3,[],[],https://twitter.com/karlangel_rocks/status/1586950895006535680,False,,1,https://pbs.twimg.com/media/FgX7a-eaUAABvP8.jpg,Manila,,,,,,[],,,,,malinis na bahay nila lolo paulino lola carolina and uncle manny ,positive,positive,1,0.543281640365399,"[0.14870220525997963, 0.3080161543746214, 0.543281640365399]"
1.58694e+18,1.58694e+18,2022-10-31 12:53:14 +08,10/31/2022,12:53:14,800,1.55967e+18,alphacitiesc,Alphacities Marketing Consultancy,,4 Business Lessons From ‚ÄòSelf-Made Billionaire‚Äô Manny Villar  https://t.co/wn6kloKWpG,en,[],['https://www.businessnews.com.ph/4-business-lessons-from-self-made-billionaire-manny-villar-20220420/'],[],0,0,0,[],[],https://twitter.com/AlphacitiesC/status/1586944363829297152,False,,0,,Manila,,,,,,[],,,,,4 business lessons from self made billionaire manny villar,neutral,neutral,0,0.7238354904438583,"[0.07163440243154921, 0.7238354904438583, 0.20453010712459252]"
